Cultura;Al;Si;K;Ca;Ti;Fe;Sr;Zr
Tabaco;6.743;37.095;0.851666667;0.252;0.604333333;2.742333333;0.004333333;0.039666667
Tabaco;6.618666667;36.708;0.774333333;0.262666667;0.652333333;2.759;0.003;0.041666667
Tabaco;6.223;33.877;0.752666667;0.267333333;0.621;2.838333333;0.003333333;0.043333333
Tabaco;6.532333333;34.14;0.78;0.291333333;0.616333333;2.893;0.004;0.041666667
Tabaco;7.112333333;36.07366667;0.932666667;0.234;0.596;2.784;0.003666667;0.039333333
Tabaco;6.930666667;33.39766667;1.074;0.227;0.879333333;3.795333333;0.004333333;0.040666667
Tabaco;6.681666667;37.21033333;0.792333333;0.158333333;0.821;3.302333333;0.002666667;0.043
Tabaco;6.062333333;33.85233333;0.809;0.165;0.799333333;3.119333333;0.003666667;0.046333333
Tabaco;5.964;34.912;0.832;0.164;0.829666667;3.135333333;0.003;0.046
Tabaco;6.132333333;36.937;0.842333333;0.192666667;0.611;2.699333333;0.003;0.043
Aveia;8.091666667;32.006;1.247;0.478333333;0.605333333;3.687333333;0.008333333;0.067333333
Aveia;6.219666667;30.80566667;1.030666667;0.442;0.633666667;3.483666667;0.006666667;0.073
Aveia;8.588;27.25366667;1.029333333;0.421;0.905666667;5.703333333;0.005666667;0.060666667
Aveia;5.971333333;34.637;0.875333333;0.272;0.642666667;2.778;0.005;0.082
Aveia;6.082666667;36.89133333;0.938666667;0.197;0.594666667;2.709666667;0.004666667;0.072666667
Aveia;7.293333333;34.13433333;0.845;0.214;0.922333333;3.996666667;0.003666667;0.086
Aveia;7.839666667;30.775;1.284666667;0.452;0.779333333;4.330666667;0.007333333;0.061
Aveia;7.563666667;31.72266667;0.941;0.225333333;0.863;4.204666667;0.005;0.07
Aveia;5.935333333;32.17866667;0.986666667;0.198333333;0.916;3.553333333;0.005666667;0.084666667
Aveia;7.116666667;35.48966667;0.924;0.179666667;0.962666667;3.876666667;0.005333333;0.077
