"medidas";"aveia";"tabaco"
"Cultura";"Aveia";"Tabaco"
"Al_Media";"7.070200";"6.500033"
"Al_Mediana";"7.2050";"6.5755"
"Al_Variancia";"0.9365229";"0.1509290"
"Al_DesvPad";"0.9677411";"0.3884958"
"Al_Maximo";"8.588000";"7.112333"
"Al_Minimo";"5.935333";"5.964000"
"Al_Q25";"6.116917";"6.155000"
"Al_Q75";"7.770667";"6.727667"
"Al_Curtose";"-1.700303";"-1.581387"
"Al_Assimetria";"0.08633629";"0.03855217"
"Si_Media";"32.5894";"35.4203"
"Si_Mediana";"32.09233";"35.49283"
"Si_Variancia";"7.744639";"2.358128"
"Si_DesvPad";"2.782919";"1.535620"
"Si_Maximo";"36.89133";"37.21033"
"Si_Minimo";"27.25367";"33.39767"
"Si_Q25";"31.03492";"33.94275"
"Si_Q75";"34.51133";"36.87975"
"Si_Curtose";"-0.8847113";"-1.9648217"
"Si_Assimetria";"-0.22360801";"-0.04693564"
"K_Media";"1.010233";"0.844100"
"K_Mediana";"0.9638333";"0.8205000"
"K_Variancia";"0.02172901";"0.00912810"
"K_DesvPad";"0.14740764";"0.09554109"
"K_Maximo";"1.284667";"1.074000"
"K_Minimo";"0.8450000";"0.7526667"
"K_Q25";"0.9276667";"0.7830833"
"K_Q75";"1.0303333";"0.8493333"
"K_Curtose";"-0.8827943";" 0.5695929"
"K_Assimetria";"0.8004311";"1.2951602"
"Ca_Media";"0.3079667";"0.2214333"
"Ca_Mediana";"0.2486667";"0.2305000"
"Ca_Variancia";"0.015361937";"0.002345409"
"Ca_DesvPad";"0.12394328";"0.04842942"
"Ca_Maximo";"0.4783333";"0.2913333"
"Ca_Minimo";"0.1796667";"0.1583333"
"Ca_Q25";"0.2022500";"0.1719167"
"Ca_Q75";"0.43675";"0.26000"
"Ca_Curtose";"-1.960921";"-1.733628"
"Ca_Assimetria";" 0.2914091";"-0.0925836"
"Ti_Media";"0.7825333";"0.7030333"
"Ti_Mediana";"0.8211667";"0.6366667"
"Ti_Variancia";"0.02220778";"0.01297692"
"Ti_DesvPad";"0.1490228";"0.1139163"
"Ti_Maximo";"0.9626667";"0.8793333"
"Ti_Minimo";"0.5946667";"0.5960000"
"Ti_Q25";"0.6359167";"0.6123333"
"Ti_Q75";"0.9134167";"0.8155833"
"Ti_Curtose";"-1.959947";"-1.866293"
"Ti_Assimetria";"-0.1476740";" 0.3885442"
"Fe_Media";"3.832400";"3.006833"
"Fe_Mediana";"3.782000";"2.865667"
"Fe_Variancia";"0.7232237";"0.1172404"
"Fe_DesvPad";"0.8504256";"0.3424039"
"Fe_Maximo";"5.703333";"3.795333"
"Fe_Minimo";"2.709667";"2.699333"
"Fe_Q25";"3.501083";"2.765250"
"Fe_Q75";"4.152667";"3.131333"
"Fe_Curtose";"-0.09769930";" 0.02398381"
"Fe_Assimetria";"0.6624096";"1.0947156"
"Sr_Media";"0.005733333";"0.003500000"
"Sr_Mediana";"0.0055";"0.0035"
"Sr_Variancia";"1.871604e-06";"3.518517e-07"
"Sr_DesvPad";"0.0013680660";"0.0005931709"
"Sr_Maximo";"0.008333333";"0.004333333"
"Sr_Minimo";"0.003666667";"0.002666667"
"Sr_Q25";"0.005";"0.003"
"Sr_Q75";"0.006416667";"0.003916667"
"Sr_Curtose";"-0.9117046";"-1.6275630"
"Sr_Assimetria";"0.4526929";"0.1597123"
"Zr_Media";"0.07343333";"0.04246667"
"Zr_Mediana";"0.07283333";"0.04233333"
"Zr_Variancia";"8.195185e-05";"5.659259e-06"
"Zr_DesvPad";"0.009052726";"0.002378920"
"Zr_Maximo";"0.08600000";"0.04633333"
"Zr_Minimo";"0.06066667";"0.03933333"
"Zr_Q25";"0.06800000";"0.04091667"
"Zr_Q75";"0.08075";"0.04325"
"Zr_Curtose";"-1.534920";"-1.284914"
"Zr_Assimetria";"-0.02624715";" 0.32167348"
