,V,Cr,Fe,Mo,W
1,0.01884,0.27319,5.3457,0.60194,0.028676
2,0.015241,0.14858,4.8233,1.1274,0.11226
3,0.015881,0.11712,5.0629,1.5379,0.059957
4,0.051412,0.23768,5.1645,0.93727,0.024739
5,0.051363,0.23156,5.1696,0.88954,0.02923
6,0.04967,0.25252,4.9765,0.56773,0.071843
7,0.10341,0.2,5.4089,0.45067,0.024307
8,0.083932,0.25164,4.4861,0.72738,0.10456
9,0.082614,0.2484,4.4529,1.551,0.0442
10,0.01772,0.12365,4.7181,1.4939,0.10917
11,0.10143,0.14676,4.7331,1.3918,0.053113
12,0.052569,0.12523,4.4672,1.4034,0.13304
13,0.086164,0.20441,4.6842,0.5314,0.1158
14,0.031876,0.19091,4.77,1.708,0.036529
15,0.044863,0.18098,4.47,1.7793,0.075064
16,0.044535,0.22781,4.62,1.4421,0.060261
17,0.020037,0.20574,4.38,1.6002,0.10786
18,0.048768,0.24845,4.93,1.1739,0.029471
19,0.028371,0.119,4.45,1.74,0.12494
20,0.044038,0.19675,4.37,1.5026,0.0932
21,0.075572,0.17997,4.73,0.59121,0.12276
22,0.099461,0.27392,4.64,0.52164,0.08362
23,0.042191,0.20007,4.76,1.0247,0.089106
24,0.050173,0.16112,5.53,0.57633,0.042317
25,0.05482,0.20167,5.47,0.55926,0.02881
26,0.054591,0.18178,5.5,0.5104,0.040091
27,0.054581,0.18176,5.5,0.51117,0.094506
28,0.098149,0.183,4.91,0.431,0.094507
29,0.065879,0.28175,4.75,0.43201,0.092643
30,0.05334,0.20978,4.55,1.0791,0.10634
31,0.06926,0.26868,4.39,1.0951,0.090226
32,0.01832,0.20707,4.61,1.0644,0.11964
33,0.094872,0.14254,4.49,1.9374,0.047222
34,0.049571,0.16723,4.62,1.9396,0.044787
35,0.051903,0.17023,4.55,1.9268,0.051847
36,0.067231,0.21321,5.22,0.89472,0.022492
37,0.074928,0.248,4.4,1.9272,0.02354
38,0.022397,0.25643,5.3,0.84813,0.022421
39,0.033,0.13539,4.62,1.7642,0.084473
40,0.053174,0.1999,4.8,0.98617,0.082499
41,0.10035,0.22334,4.5,1.0127,0.08296
42,0.052743,0.203,4.74,0.4188,0.13548
43,0.015199,0.1416,4.78,0.97043,0.13747
44,0.091563,0.19619,4.48,0.62966,0.13719
